<?xml version="1.0" encoding="UTF-8"?>
<project-private xmlns="http://www.netbeans.org/ns/project-private/1">
    <editor-bookmarks xmlns="http://www.netbeans.org/ns/editor-bookmarks/2" lastBookmarkId="0"/>
    <open-files xmlns="http://www.netbeans.org/ns/projectui-open-files/2">
        <group>
            <file>file:/C:/Users/One-Piece/Documents/NetBeansProjects/MyApplication/src/Sum2Number/MyBigNumber.java</file>
            <file>file:/C:/Users/One-Piece/Documents/NetBeansProjects/MyApplication/src/Sum2Number/IReceiver.java</file>
            <file>file:/C:/Users/One-Piece/Documents/NetBeansProjects/MyApplication/test/Sum2Number/MyBigNumberTest.java</file>
            <file>file:/C:/Users/One-Piece/Documents/NetBeansProjects/MyApplication/src/Sum2Number/Test.java</file>
        </group>
    </open-files>
</project-private>
